nombre;apellido;documento;id_tipo_doc;telefono;correo;direccion
Ana;Ramírez;1000123451;1;3001234567;ana.ramirez@gmail.com;Cra 1 #10-20
Luis;González;1000123452;2;3001234568;luis.gonzalez@yahoo.com;Calle 45 #67-89
Camila;Torres;1000123453;3;3019876543;camila.torres@hotmail.com;Av 68 #23-45
Juan;Pérez;1000123454;1;3123456789;juanperez@outlook.com;Calle 50 #11-22
Sara;Martínez;1000123455;2;3134567890;sara.martinez@gmail.com;Carrera 25 #70-15
Andrés;Gómez;1000123456;3;3145678901;andres.gomez@yahoo.com;Cra 12 #30-45
María;López;1000123457;1;3156789012;maria.lopez@live.com;Calle 8 #80-90
Carlos;Rodríguez;1000123458;2;3167890123;carlos.rodriguez@ymail.com;Av Suba #99-23
Natalia;Castro;1000123459;3;3178901234;natalia.castro@gmail.com;Calle 60 #13-56
Felipe;Moreno;1000123460;1;3189012345;felipe.moreno@yahoo.es;Cra 45 #20-50
Lucía;Cruz;1000123461;2;3190123456;lucia.cruz@hotmail.com;Transv 25 #44-67
David;Ruiz;1000123462;3;3201234567;david.ruiz@gmail.com;Calle 100 #30-40
Juliana;Mendoza;1000123463;1;3212345678;juliana.mendoza@yahoo.com;Cra 3 #10-12
Esteban;Vargas;1000123464;2;3223456789;esteban.vargas@outlook.com;Av Boyacá #55-66
Valentina;Mejía;1000123465;3;3234567890;valentina.mejia@gmail.com;Calle 80 #50-20
Daniel;Sánchez;1000123466;1;3245678901;daniel.sanchez@hotmail.com;Cra 20 #15-80
Isabella;Ortiz;1000123467;2;3256789012;isabella.ortiz@live.com;Av Caracas #70-22
Sebastián;Ramos;1000123468;3;3267890123;sebastian.ramos@yahoo.com;Calle 34 #20-20
Laura;Delgado;1000123469;1;3278901234;laura.delgado@gmail.com;Cra 10 #5-33
Mateo;Castaño;1000123470;2;3289012345;mateo.castano@ymail.com;Av 30 #90-10
Diana;Herrera;1000123471;3;3290123456;diana.herrera@yahoo.es;Calle 13 #6-14
Santiago;Álvarez;1000123472;1;3301234567;santiago.alvarez@hotmail.com;Cra 5 #50-60
Paula;Patiño;1000123473;2;3312345678;paula.patino@gmail.com;Av 1 #10-10
Tomás;Nieto;1000123474;3;3323456789;tomas.nieto@live.com;Cra 17 #9-11
Luciana;Reyes;1000123475;1;3334567890;luciana.reyes@hotmail.com;Calle 67 #11-22
Samuel;Figueroa;1000123476;2;3345678901;samuel.figueroa@gmail.com;Av Chile #30-31
Mónica;Salazar;1000123477;3;3356789012;monica.salazar@yahoo.com;Cra 9 #55-80
Miguel;Valencia;1000123478;1;3367890123;miguel.valencia@outlook.com;Calle 100 #8-10
Adriana;Guerrero;1000123479;2;3378901234;adriana.guerrero@gmail.com;Cra 80 #40-45
Julián;Camargo;1000123480;3;3389012345;julian.camargo@hotmail.com;Av El Dorado #13-44
Nicole;Rivera;1000123481;1;3390123456;nicole.rivera@yahoo.es;Calle 123 #45-60
Ricardo;Navarro;1000123482;2;3401234567;ricardo.navarro@gmail.com;Cra 70 #22-80
Mariana;Acosta;1000123483;3;3412345678;mariana.acosta@hotmail.com;Av Americas #80-90
Diego;Espinosa;1000123484;1;3423456789;diego.espinosa@live.com;Cra 2 #60-50
Angélica;Ríos;1000123485;2;3434567890;angelica.rios@gmail.com;Calle 91 #33-33
Oscar;Barrios;1000123486;3;3445678901;oscar.barrios@outlook.com;Cra 4 #10-80
Viviana;Mora;1000123487;1;3456789012;viviana.mora@yahoo.com;Av 68 #44-50
Jorge;Peña;1000123488;2;3467890123;jorge.pena@gmail.com;Calle 99 #20-21
Nataly;Benítez;1000123489;3;3478901234;nataly.benitez@hotmail.com;Cra 11 #77-78
Kevin;Zapata;1000123490;1;3489012345;kevin.zapata@live.com;Av 30 #20-40
Daniela;Silva;1000123491;2;3490123456;daniela.silva@gmail.com;Calle 22 #88-99
Gabriel;Villalba;1000123492;3;3501234567;gabriel.villalba@yahoo.com;Cra 15 #33-10
Sandra;Chávez;1000123493;1;3512345678;sandra.chavez@hotmail.com;Av 68 #13-90
Raúl;Padilla;1000123494;2;3523456789;raul.padilla@outlook.com;Cra 100 #21-34
Elena;Montoya;1000123495;3;3534567890;elena.montoya@gmail.com;Calle 7 #10-10
Marco;Velásquez;1000123496;1;3545678901;marco.velasquez@yahoo.es;Cra 66 #40-44
Carolina;Núñez;1000123497;2;3556789012;carolina.nunez@hotmail.com;Av Caracas #33-33
Jhon;Murillo;1000123498;3;3567890123;jhon.murillo@gmail.com;Cra 12 #15-67
Tatiana;Bermúdez;1000123499;1;3578901234;tatiana.bermudez@live.com;Calle 44 #55-66
Pedro;Serrano;1000123500;2;3589012345;pedro.serrano@hotmail.com;Cra 17 #10-88